id,start_point,end_point,priority,remaining_time
Task-SP01-1,SP01,EP10,Normal,None
Task-SP01-2,SP01,EP07,Normal,None
Task-SP01-3,SP01,EP08,Normal,None
Task-SP01-4,SP01,EP11,Normal,None
Task-SP01-5,SP01,EP06,Normal,None
Task-SP01-6,SP01,EP15,Normal,None
Task-SP01-7,SP01,EP12,Normal,None
Task-SP01-8,SP01,EP01,Normal,None
Task-SP01-9,SP01,EP02,Normal,None
Task-SP01-10,SP01,EP15,Normal,None
Task-SP01-11,SP01,EP14,Normal,None
Task-SP01-12,SP01,EP16,Normal,None
Task-SP01-13,SP01,EP11,Normal,None
Task-SP02-1,SP02,EP04,Normal,None
Task-SP02-2,SP02,EP01,Normal,None
Task-SP02-3,SP02,EP04,Normal,None
Task-SP02-4,SP02,EP09,Normal,None
Task-SP02-5,SP02,EP14,Normal,None
Task-SP02-6,SP02,EP04,Normal,None
Task-SP02-7,SP02,EP13,Normal,None
Task-SP02-8,SP02,EP09,Normal,None
Task-SP02-9,SP02,EP13,Normal,None
Task-SP02-10,SP02,EP12,Normal,None
Task-SP02-11,SP02,EP06,Normal,None
Task-SP02-12,SP02,EP07,Normal,None
Task-SP02-13,SP02,EP08,Normal,None
Task-SP02-14,SP02,EP06,Normal,None
Task-SP02-15,SP02,EP14,Normal,None
Task-SP02-16,SP02,EP14,Normal,None
Task-SP02-17,SP02,EP06,Normal,None
Task-SP03-1,SP03,EP09,Normal,None
Task-SP03-2,SP03,EP13,Normal,None
Task-SP03-3,SP03,EP15,Normal,None
Task-SP03-4,SP03,EP07,Normal,None
Task-SP03-5,SP03,EP04,Normal,None
Task-SP03-6,SP03,EP12,Normal,None
Task-SP03-7,SP03,EP07,Normal,None
Task-SP03-8,SP03,EP09,Normal,None
Task-SP03-9,SP03,EP03,Normal,None
Task-SP03-10,SP03,EP16,Normal,None
Task-SP03-11,SP03,EP03,Normal,None
Task-SP03-12,SP03,EP10,Normal,None
Task-SP03-13,SP03,EP10,Normal,None
Task-SP03-14,SP03,EP16,Normal,None
Task-SP03-15,SP03,EP04,Normal,None
Task-SP03-16,SP03,EP12,Normal,None
Task-SP03-17,SP03,EP01,Normal,None
Task-SP03-18,SP03,EP10,Normal,None
Task-SP03-19,SP03,EP04,Normal,None
Task-SP03-20,SP03,EP15,Normal,None
Task-SP04-1,SP04,EP11,Normal,None
Task-SP04-2,SP04,EP04,Normal,None
Task-SP04-3,SP04,EP01,Normal,None
Task-SP04-4,SP04,EP09,Normal,None
Task-SP04-5,SP04,EP14,Normal,None
Task-SP04-6,SP04,EP09,Normal,None
Task-SP04-7,SP04,EP01,Normal,None
Task-SP04-8,SP04,EP10,Normal,None
Task-SP04-9,SP04,EP08,Normal,None
Task-SP04-10,SP04,EP04,High,150
Task-SP04-11,SP04,EP14,Normal,None
Task-SP04-12,SP04,EP13,Normal,None
Task-SP04-13,SP04,EP09,Normal,None
Task-SP04-14,SP04,EP08,Normal,None
Task-SP04-15,SP04,EP12,Normal,None
Task-SP04-16,SP04,EP14,Normal,None
Task-SP04-17,SP04,EP03,Normal,None
Task-SP04-18,SP04,EP06,Normal,None
Task-SP04-19,SP04,EP07,Normal,None
Task-SP04-20,SP04,EP03,Normal,None
Task-SP05-1,SP05,EP03,Normal,None
Task-SP05-2,SP05,EP06,Normal,None
Task-SP05-3,SP05,EP01,Normal,None
Task-SP05-4,SP05,EP02,Normal,None
Task-SP05-5,SP05,EP02,Normal,None
Task-SP05-6,SP05,EP07,Normal,None
Task-SP05-7,SP05,EP05,Normal,None
Task-SP05-8,SP05,EP03,Normal,None
Task-SP05-9,SP05,EP08,Normal,None
Task-SP05-10,SP05,EP12,Normal,None
Task-SP05-11,SP05,EP11,Normal,None
Task-SP05-12,SP05,EP12,Normal,None
Task-SP05-13,SP05,EP12,Normal,None
Task-SP05-14,SP05,EP15,Normal,None
Task-SP05-15,SP05,EP10,Normal,None
Task-SP05-16,SP05,EP02,Normal,None
Task-SP05-17,SP05,EP01,Normal,None
Task-SP05-18,SP05,EP16,Normal,None
Task-SP06-1,SP06,EP02,Normal,None
Task-SP06-2,SP06,EP09,Normal,None
Task-SP06-3,SP06,EP01,High,45
Task-SP06-4,SP06,EP05,Normal,None
Task-SP06-5,SP06,EP06,Normal,None
Task-SP06-6,SP06,EP02,Normal,None
Task-SP06-7,SP06,EP11,Normal,None
Task-SP06-8,SP06,EP11,Normal,None
Task-SP06-9,SP06,EP10,Normal,None
Task-SP06-10,SP06,EP04,Normal,None
Task-SP06-11,SP06,EP06,Normal,None
Task-SP06-12,SP06,EP12,Normal,None
